epoch,train_loss,val_loss,val_iou,val_angle,val_success
1,61.77207045905334,60.82278662212824,0.0,67.55418092517529,0.0
2,52.11781242068878,55.471925164346644,0.0,74.21315617648895,0.0
