experiment,architecture,augmentation,best_epoch,val_loss,val_iou,val_angle_deg,val_success,val_success_percent
EXP1,SimpleGraspCNN,No,2,24.50239119017865,0.1224781484897363,75.03281254956951,0.0564971751412429,5.649717514124291
EXP2,SimpleGraspCNN,Sí,3,23.33199189611748,0.1529044002973726,77.03389209811971,0.0621468926553672,6.21468926553672
EXP3,ResNet18Grasp,Sí,1,67.96533466058936,0.0,68.6001622878899,0.0,0.0
